Data Set 1:Time(s),NWAWB5,NWAWB4,NWAWB3,NSASB4,NWASB3,NWASB2,ASAWB1,NSASB3,NWAWB2,NWAWB1,AhSAWB1,NSASB1,NSASB2,AWASB1
0,3.161082745,3.190752506,3.068701506,3.218399525,2.85157156,3.168500185,2.497196,1.245475292,3.644432783,3.159295321,0.82,1.62169075,1.43926239,3.389719248
0.5,3.161082745,3.189404011,3.067352772,3.219074011,2.853594303,3.168500185,2.495861,1.246142387,3.643764496,3.158627033,0.85,1.738631248,1.43926239,3.359679461
1,3.158385515,3.188729763,3.066678286,3.218399525,2.85157156,3.168500185,2.495193,1.246142387,3.644432783,3.157958984,0.83,2.078093052,1.43926239,3.350333452
1.5,3.158385515,3.190078259,3.066678286,3.218399525,2.852245808,3.168500185,2.495193,1.246810913,3.644432783,3.157290697,0.83,2.390158653,1.438593864,3.342323065
2,3.157036781,3.188729763,3.066004276,3.217725277,2.852245808,3.168500185,2.495193,1.246810913,3.645101309,3.155954123,0.86,2.019957066,1.437925816,3.337649822
2.5,3.1550138,3.188729763,3.06532979,3.217725277,2.852245808,3.168500185,2.496529,1.247479439,3.645769358,3.155954123,0.83,1.675148487,1.435253143,3.335647345
3,3.1550138,3.190078259,3.063981056,3.218399525,2.852920055,3.168500185,2.496529,1.247479439,3.645769358,3.155285835,0.84,1.708560944,1.451958656,3.330306768
3.5,3.1550138,3.190078259,3.063306808,3.217050791,2.852920055,3.168500185,2.495861,1.250820637,3.646437645,3.154617786,0.94,1.739299297,1.451958656,3.322296381
4,3.153665304,3.190752506,3.066678286,3.213005066,2.853594303,3.168500185,2.461148,1.250820637,3.646437645,3.154617786,0.87,1.715910435,1.480692863,3.320960999
4.5,3.153665304,3.191426992,3.061958313,3.210982323,2.853594303,3.168500185,2.4498,1.251489162,3.646437645,3.153949499,0.82,1.793426037,1.484702587,3.318958521
5,3.153665304,3.190078259,3.061958313,3.223794222,2.853594303,3.168500185,2.415754,1.252157688,3.646437645,3.153949499,0.86,1.857576847,1.489379406,3.320960999
5.5,3.157711267,3.1846838,3.059935331,3.230537176,2.852920055,3.168500185,2.408411,1.252157688,3.645101309,3.153949499,0.88,2.049359798,1.49338913,3.326969147
6,3.147596359,3.197495937,3.057912111,3.239977598,2.852245808,3.168500185,2.393057,1.252157688,3.641091585,3.153281212,0.83,2.092125893,1.497398376,3.330306768
6.5,3.133435726,3.192775726,3.056563854,3.265601635,2.852920055,3.168500185,2.382376,1.252157688,3.64242816,3.153281212,0.91,2.222432137,1.511431217,3.331642151
7,3.121298075,3.184009552,3.055889368,3.316849947,2.85157156,3.168500185,2.358345,1.251489162,3.644432783,3.152612925,0.90,2.346055508,1.515440941,3.332977057
7.5,3.119949341,3.179289341,3.05521512,3.448341608,2.848199844,3.168500185,2.320293,1.252157688,3.656461239,3.151944876,0.87,2.571249962,1.52011919,3.334980011
8,3.113880634,3.176591873,3.05521512,3.51779604,2.846177101,3.167825699,2.316956,1.250820637,3.706578493,3.152612925,0.86,2.553875923,1.505417824,3.334980011
8.5,3.116577864,3.175243378,3.070050001,3.553534746,2.860337734,3.167825699,2.30227,1.252157688,3.84289813,3.151944876,0.88,2.736971855,1.516777992,3.332309723
9,3.142876148,3.173894644,3.073421717,3.617594719,2.844153881,3.167825699,2.286248,1.252157688,3.911726236,3.151944876,0.88,2.602656841,1.518113613,3.326969147
9.5,3.146922112,3.173894644,3.086233616,3.694467068,2.857640266,3.167825699,2.250868,1.252157688,3.99258256,3.151944876,0.87,2.49573946,1.536156178,3.318958521
10,3.125344038,3.173220396,3.100394249,3.732228518,2.887984753,3.167825699,2.230841,1.252157688,4.07410717,3.151276588,0.90,2.035326958,1.535487652,3.317623377
10.5,3.153665304,3.170523167,3.109160423,3.759201288,2.907539845,3.167825699,2.212149,1.252157688,4.143603325,3.151276588,0.90,2.179664612,1.533483505,3.336314917
11,3.163105726,3.167825699,3.110509157,3.789545536,2.92642045,3.167825699,2.210147,1.252157688,4.185033798,3.151276588,0.89,2.661461353,1.532146454,3.325634003
11.5,3.17456913,3.169174433,3.122646809,3.836073399,2.94867301,3.167825699,2.194126,1.252157688,4.232478142,3.151276588,0.91,3.664479733,1.539497375,3.362349749
12,3.19412446,3.173220396,3.147596359,3.919688702,2.969577074,3.167825699,2.174099,1.252824783,4.271903992,3.151276588,0.86,3.991245985,1.54083395,3.368357658
12.5,3.219748259,3.175243378,3.175243378,4.050505638,2.991155148,3.167825699,2.160748,1.252824783,4.317343712,3.150608301,0.91,3.939791918,1.539497375,3.387049437
13,3.245372295,3.178614855,3.217050791,4.164465427,3.012058973,3.167825699,2.145393,1.253493309,4.36011076,3.150608301,0.95,3.508113146,1.542838573,3.401735544
13.5,3.257509947,3.1846838,3.225816965,4.23324585,3.038357258,3.167825699,2.124699,1.253493309,4.395527363,3.151276588,0.91,3.080443859,1.55152607,3.426435232
14,3.272345066,3.203564644,3.22446847,4.27640152,3.061958313,3.167825699,2.110681,1.253493309,4.433616638,3.151276588,0.92,4.044704437,1.556202888,3.418424368
14.5,3.287854195,3.275042057,3.237954855,4.34787941,3.088256598,3.16715169,2.103338,1.254161835,4.471705437,3.150608301,0.93,5.864972591,1.556871414,3.423097372
15,3.296620131,3.316175461,3.273693323,4.391709805,3.11455512,3.167825699,2.079974,1.25483036,4.499103546,3.151276588,0.85,8.283977509,1.554198742,3.543925047
15.5,3.306060791,3.326290131,3.343148232,4.414636612,3.130738497,3.166477203,2.065955,1.257503033,4.521155357,3.150608301,0.96,10.79519939,1.553530216,3.534579277
16,3.316175461,3.370795012,3.449690104,4.434191704,3.168500185,3.16715169,2.055274,1.263516426,4.533851624,3.150608301,0.94,11.53627014,1.555534363,3.552603483
16.5,3.331010342,3.404510975,3.546791553,4.459815979,3.27908802,3.173220396,2.03992,1.26752615,4.556571484,3.150608301,0.93,11.79019833,1.558208466,3.489852905
17,3.342473984,3.473965406,3.608154297,4.482742786,3.373492479,3.280436754,2.039252,1.274208546,4.575282097,3.150608301,0.96,11.89310646,1.558208466,3.489852905
17.5,3.355285883,3.50296092,3.64456749,4.525224686,3.428786278,3.327638865,2.031909,1.278217793,4.596665382,3.150608301,0.93,11.82427979,1.559544086,3.983177423
18,3.363377571,3.523864985,3.692443848,4.580518723,3.467896461,3.362028837,2.014553,1.288909912,4.624731541,3.150608301,0.95,11.67325783,1.562885284,3.976501703
18.5,3.373492479,3.540048599,3.732903004,4.623000622,3.529933691,3.394396067,2.010547,1.296260357,4.654801846,3.150608301,0.96,11.73206234,1.562217712,3.945126534
19,3.377538204,3.574438572,3.772687674,4.658064842,3.554209232,3.426089048,2.01255,1.296928883,4.677521706,3.150608301,0.93,11.81492329,1.564890385,3.905740738
19.5,3.384281397,3.608828783,3.809100866,4.677619934,3.575787306,3.461153507,2.006542,1.296928883,4.704251289,3.150608301,1.01,11.7213707,1.568231583,3.924432278
20,3.391699076,3.645241737,3.826632977,4.697849274,3.658728123,3.487451792,1.999199,1.299601555,4.724966049,3.149940014,0.91,11.73674011,1.576250553,3.935781002
20.5,3.400465012,3.66951704,3.841467857,4.710661411,3.688398123,3.511727095,2.000534,1.306952477,4.753700256,3.149940014,0.97,11.96861649,1.579591751,3.95046711
21,3.409231186,3.689746857,3.852257013,4.718753338,3.727508307,3.529933691,2.01789,1.314302921,4.771074295,3.149940014,1.00,12.12297916,1.588278294,3.967823505
21.5,3.414625645,3.728182793,3.860348701,4.733588219,3.773361921,3.549489021,2.035247,1.319648266,4.809832096,3.149940014,0.94,12.19046974,1.599638462,3.977837086
22,3.415974379,3.762572765,3.871811867,4.738983154,3.798311472,3.559603453,2.032577,1.327667713,4.849257946,3.150608301,1.00,12.19381237,1.606989384,3.995193481
22.5,3.416648626,3.785499573,3.892041683,4.747074604,3.838096142,3.57241559,2.035914,1.333013058,4.894697666,3.150608301,0.98,12.05815983,1.633718491,4.020560265
23,3.417322874,3.81112361,3.894738674,4.755840778,3.875183821,3.587924957,2.04526,1.33769083,4.939469337,3.150608301,1.00,11.93587399,1.647082806,4.034579277
23.5,3.42069459,3.829330206,3.902156353,4.776070595,3.919014215,3.603434086,2.057943,1.340363503,4.976890564,3.150608301,0.94,12.0788765,1.669134617,4.049265862
24,3.426763535,3.838096142,3.913619757,4.790230751,3.962170601,3.612874508,2.066622,1.347045898,5.010970116,3.150608301,1.00,12.12030602,1.693859577,4.076635361
24.5,3.430809259,3.854279757,3.922385931,4.798322678,4.003304005,3.614897728,2.082644,1.352392197,5.025671482,3.150608301,1.00,12.13367081,1.707223892,4.097997189
25,3.433506489,3.865743399,3.927106142,4.810460091,4.038368225,3.614897728,2.087984,1.360411167,5.042377472,3.151276588,1.03,12.20049477,1.722593784,4.111348152
25.5,3.432832241,3.87046361,3.942615271,4.821923733,4.083547592,3.615571976,2.090654,1.364419937,5.061756134,3.151276588,1.07,12.22321415,1.739299297,4.126034737
26,3.431483746,3.883949757,3.95475316,4.836758614,4.153676033,3.616246223,2.10534,1.374443054,5.076457024,3.151276588,1.02,12.26130295,1.758677959,4.140720844
26.5,3.432832241,3.902830601,3.964867592,4.842827797,4.20087862,3.616920471,2.118691,1.379789829,5.098508835,3.151276588,1.02,12.26130295,1.768701077,4.148731232
27,3.436877966,3.90822506,3.977679729,4.856313705,4.254823685,3.619617939,2.126702,1.383131027,5.135930061,3.151276588,1.01,12.23791504,1.790753365,4.1614151
27.5,3.438901186,3.910922527,4.004652023,4.87519455,4.243360519,3.62973237,2.13805,1.390481472,5.173350811,3.151276588,0.99,12.26264,1.795431137,4.169425964
28,3.440923929,3.9156425,4.032973766,4.885983467,4.328998566,3.649287701,2.152737,1.400505066,5.201416969,3.151944876,1.03,12.28736496,1.799439907,4.181441307
28.5,3.444969654,3.925082922,4.052528858,4.918351173,4.365411758,3.665471315,2.152737,1.40585041,5.235496521,3.151944876,1.05,12.2887001,1.81815052,4.190787315
29,3.451038599,3.935872078,4.074781418,4.954763889,4.401150227,3.685700893,2.151402,1.411865234,5.273586273,3.151944876,1.09,12.31142139,1.830179214,4.20213604
29.5,3.459130526,3.942615271,4.088941574,4.989828587,4.435540199,3.70188427,2.129372,1.415874481,5.319025993,3.151944876,1.04,12.32344818,1.840871334,4.21214962
30,3.458456039,3.945312738,4.097707748,5.014778137,4.482068062,3.70930171,2.109346,1.419883251,5.361793041,3.151944876,1.08,12.33681297,1.842875481,4.219492435
30.5,3.46317625,3.954078674,4.112543106,5.043099403,4.52185297,3.722113848,2.081308,1.424561024,5.401218414,3.152612925,1.00,12.30540657,1.856239796,4.231508255
31,3.469919682,3.959473133,4.116589069,5.061980247,4.558940411,3.725485563,2.043925,1.428570747,5.437303066,3.152612925,1.08,12.31543064,1.86826849,4.233510971
31.5,3.472616911,3.973633766,4.12737751,5.080186844,4.577147007,3.734925985,1.984512,1.435921192,5.488089085,3.152612925,1.01,12.34616947,1.885642529,4.235513687
32,3.511727095,3.975656748,4.137492657,5.097044945,4.606142044,3.730205774,1.934446,1.441935062,5.532860756,3.152612925,1.08,12.36755276,1.889652252,4.245527267
32.5,3.544094324,3.980376959,4.143561363,5.106485367,4.625697613,3.742343426,1.89239,1.447948933,5.576963902,3.153281212,1.07,12.32946396,1.90568924,4.252202988
33,3.553534746,3.989143133,4.155025005,5.119971275,4.645927429,3.727508307,1.857009,1.451290131,5.615721703,3.171991825,1.12,12.34817314,1.907693863,4.247529984
33.5,3.56499815,3.995886326,4.1658144,5.129411697,4.668179512,3.792243004,1.81562,1.456636429,5.649133205,3.574268341,1.12,12.34884262,1.922395229,4.261548519
34,3.569044113,4.003977776,4.174580097,5.136829376,4.679642677,3.897436142,1.780908,1.462650299,5.667175293,3.870295763,1.06,12.34550095,2.001247406,4.275567055
34.5,3.577135801,4.01274395,4.182672024,5.141549587,4.694478035,4.041739941,1.757544,1.467328548,5.6959095,3.895688772,1.11,12.34483242,2.231786728,4.276902199
35,3.587250471,4.024207592,4.187392235,5.14289856,4.712684631,4.135469437,1.727504,1.468664169,5.722639084,3.897693157,1.03,12.34817314,2.295269489,4.285580635
35.5,3.600736856,4.031624794,4.193460941,5.147618294,4.751794815,4.22110796,1.712149,1.471337795,5.745358944,3.901702642,1.11,12.34884262,2.620699406,4.290253639
36,3.620966196,4.041739941,4.196158409,5.144247055,4.803042889,4.287190914,1.710147,1.474010468,5.78946209,3.918408632,1.08,12.35686111,2.680171967,4.298264027
36.5,3.632429838,4.051180363,4.201552391,5.138177872,4.882612228,4.339787483,1.709479,1.478020191,5.832897186,3.926427126,1.13,12.35953331,2.704228401,4.308944702
37,3.635127068,4.063318253,4.205598831,5.135480881,4.939929008,4.388338089,1.708144,1.480024338,5.87432766,3.93310976,1.06,12.39294434,2.6654706,4.318958282
37.5,3.637150049,4.07208395,4.207621574,5.124691963,4.974993706,4.461838722,1.704139,1.48269701,5.927786827,3.936450958,1.16,12.35819626,2.572586536,4.327636719
38,3.639847279,4.079501152,4.21301651,5.122668743,5.012081146,4.523201466,1.69546,1.484702587,5.98391819,3.94446969,1.17,12.36087036,2.570581436,4.338317871
38.5,3.645916224,4.088941574,4.220433235,5.120646,5.04107666,4.56905508,1.688785,1.486038208,6.020002842,3.948478937,1.15,12.35552406,2.567908764,4.342322826
39,3.658728123,4.097033501,4.236617088,5.125366211,5.038379192,4.623674393,1.686115,1.488043785,6.063437939,3.954493046,1.19,12.35619259,2.568576813,4.348998547
39.5,3.680306196,4.099731445,4.242686272,5.131434917,5.045796871,4.669528008,1.685447,1.490047932,6.149640083,3.958502769,1.12,12.35485649,2.472351074,4.346995354
40,3.705255985,4.106473923,4.252800941,5.139526367,5.054562569,4.724147797,1.680775,1.492053032,6.263239861,3.9698627,1.16,12.35619259,2.556549072,4.356341362
40.5,3.716045141,4.107822895,4.257521152,5.138177872,5.057260036,4.770001411,1.677437,1.496729851,6.353451252,3.976544857,1.17,12.35686111,2.656115532,4.368357658
41,3.728182793,4.115240097,4.264938354,5.142223835,5.062654495,4.801693916,1.678104,1.500071049,6.424283981,3.977881193,1.20,12.35819626,2.519795895,4.373698235
41.5,3.740994692,4.119960785,4.273030281,5.148967266,5.091650009,4.840130329,1.677437,1.503412247,6.487098217,3.982558966,1.16,,2.438271523,4.381708622
42,3.76122427,4.126703262,4.28044796,5.166499138,5.110530853,4.876543045,1.679439,1.506085873,6.541224957,3.989241123,1.20,,2.434262276,4.393724918
42.5,3.776733398,4.130749702,4.285841942,5.182008743,5.138852119,4.893401146,1.668758,1.508758545,6.600697517,3.995923758,1.22,,2.388153553,4.404405594
43,3.805728912,4.139515877,4.295282364,5.190774918,5.16582489,4.907561779,1.676769,1.510095596,6.691577435,3.999264956,1.18,,2.391495705,4.412416458
43.5,3.836747646,4.149630547,4.30337429,5.210330009,5.202912331,4.92239666,1.684113,1.511431217,6.777779579,4.002605915,1.21,,2.388822079,4.415754318
44,3.861022949,4.155025005,4.312814713,5.223815918,5.230559349,4.942626476,1.69012,1.515440941,6.851953506,4.007951736,1.10,,2.406864166,4.421094418
44.5,3.892041683,4.160419464,4.322929382,5.228536606,5.268995285,4.968924522,1.698131,1.522791862,6.932141304,4.011960983,1.25,,2.41688776,4.434445381
45,3.904179335,4.1658144,4.329672813,5.237977028,5.293270588,4.984434128,1.706141,1.528805733,7.041063786,4.012629509,1.19,,2.424238205,4.44712925
45.5,3.919014215,4.170534134,4.338438988,5.252137184,5.333729744,4.995897293,1.718825,1.53281498,7.135284424,4.025325775,1.23,,2.431589127,4.45046711
46,3.932500601,4.174580097,4.345856667,5.252811909,5.367445469,5.0188241,1.728838,1.53882885,7.252893448,4.062747002,1.22,,2.447626591,4.459813118
46.5,3.936546564,4.181323051,4.353948593,5.254160404,5.416670799,5.043773651,1.739519,1.546179771,7.395227432,4.084130287,1.23,,2.457650185,4.44712925
47,3.941266775,4.18874073,4.359342575,5.264275074,5.472639084,5.056585789,1.750868,1.552193165,7.511499882,4.098831654,1.25,,2.471683025,4.45046711
47.5,3.956775904,4.196832657,4.360016823,5.273715496,5.5090518,5.068049431,1.764219,1.555534363,7.597702026,4.107518673,1.26,,2.483043194,4.467155933
48,3.966216326,4.203575611,4.369457245,5.307431221,5.532652855,5.081535339,1.784246,1.564890385,7.675217152,4.11954689,1.25,,2.489057064,4.480506897
48.5,3.978353977,4.209644318,4.376200676,5.343844414,5.575809479,5.099067688,1.808278,1.574913979,7.74671793,4.127565861,1.25,,2.408869743,4.490520477
49,3.986445665,4.218410492,4.384292603,5.383628845,5.597387314,5.128063202,1.819626,1.58426857,7.816214561,4.135584354,1.26,,2.380803585,4.492523193
49.5,3.998583555,4.227176666,4.391035557,5.418693542,5.619639874,5.161778927,1.833645,1.592288017,7.889051914,4.145607948,1.24,,2.350064278,4.500533581
50,4.003977776,4.237291336,4.403173447,5.442294598,5.650658607,5.181334496,1.83765,1.598301888,7.95788002,4.148281097,1.34,,2.335363865,4.51588726
50.5,4.016116142,4.239988804,4.411265373,5.468593121,5.701231956,5.194146156,1.846328,1.59696579,8.032722473,4.150285721,1.25,,2.330017567,4.524565697
51,4.033648014,4.246731758,4.419356823,5.485450745,5.745062828,5.217747688,1.855007,1.610998631,8.098876953,4.154963493,1.34,,2.394836903,4.526568413
51.5,4.04983139,4.257521152,4.424751282,5.522538185,5.785521507,5.234605312,1.861682,1.616344452,8.166368484,4.16498661,1.31,,2.473688126,4.529238701
52,4.06196928,4.260892868,4.428797722,5.677631378,5.83407259,5.25753212,1.871696,1.623026371,8.217823029,4.170332432,1.31,,2.505763054,4.537249565
52.5,4.071409702,4.264264107,4.428797722,5.817214489,5.875880241,5.270343781,1.881709,1.630377293,8.261925697,4.177682877,1.32,,2.53516531,4.553270817
53,4.084896088,4.267635345,4.431494713,5.87925148,5.91161871,5.275064468,1.894392,1.635055065,8.310707092,4.184365273,1.34,,2.570581436,4.559278965
53.5,4.095010757,4.277075768,4.434191704,5.918362141,5.936568737,5.305408478,1.912417,1.638396263,8.348128319,4.186369896,1.35,,2.634064198,4.56662178
54,4.105125427,4.287190914,4.438238144,5.937917233,5.981747627,5.333055496,1.933778,1.638396263,8.392899513,4.188374996,1.35,,2.726948261,4.578638077
54.5,4.113217354,4.301351547,4.441609383,5.972981453,6.058619976,5.361376762,1.955808,1.64040041,8.448363304,4.191047668,1.36,,2.778402328,4.584645748
55,4.120635033,4.312140465,4.443632126,5.983096123,6.194831848,5.393743992,1.983178,1.639064789,8.51518631,4.193052292,1.37,,2.81448698,4.611348152
55.5,4.12130928,4.316860676,4.444306374,5.989839554,6.404543877,5.424088001,2.007877,1.638396263,8.587355614,4.203743935,1.38,,2.850571632,4.660747528
56,4.125354767,4.324952602,4.447678089,6.001302719,6.561659813,5.444992065,2.035914,1.635055065,8.659524918,4.211763382,1.38,,2.887992382,4.693457603
56.5,4.138841629,4.328998566,4.455770016,6.024903774,6.865101814,5.478033543,2.052604,1.633718491,8.737708092,4.217108727,1.38,,2.926081896,4.70213604
57,4.144235611,4.336416245,4.459815979,6.117285252,7.219792366,5.513097763,2.073966,1.634386539,8.793840408,4.218445301,1.39,,2.963502884,4.698130608
57.5,4.155699253,4.341135979,4.463187218,6.376896858,7.622359276,5.531304359,2.087317,1.635055065,8.851307869,4.225795746,1.39,,3.002260447,4.718824863
58,4.165139675,4.345182419,4.469256401,6.942648411,8.07684803,5.560974121,2.10267,1.637727737,8.909444809,4.231142044,1.40,,3.041686058,4.736848831
58.5,4.177277565,4.34787941,4.474650383,7.527280807,8.501667976,5.608850956,2.114019,1.638396263,8.958893776,4.233815193,1.41,,3.08311677,4.754873276
59,4.181323051,4.354622841,4.475325108,8.099101067,9.002684593,5.643240929,2.126035,1.639064789,9.000324249,4.235151291,1.42,,3.127888203,4.748197556
59.5,4.185369015,4.360016823,4.475325108,8.674966812,9.538765907,5.672236443,2.140053,1.641068935,9.035739899,4.239160538,1.43,,3.163304806,4.740186691
60,4.195484161,4.370131493,4.477348328,9.256901741,10.14565086,5.70527792,2.15741,1.639064789,9.075834274,4.24383831,1.43,,3.197384834,4.738851547
60.5,4.210992813,4.380246639,4.481393814,9.749827385,10.78220558,5.732924938,2.169425,1.647082806,9.105905533,4.245174408,1.46,,3.222777605,4.742856979
61,4.217736244,4.387663841,4.47667408,10.132164,11.23062515,5.760571957,2.188118,1.661115646,9.130629539,4.248516083,1.45,,3.244829178,4.742856979
61.5,4.222456932,4.399127483,4.484091282,10.39851952,11.52665043,5.788893223,2.212149,1.670471668,9.151345253,4.255866528,1.47,,3.270890236,4.756875515
62,4.217736244,4.411939621,4.496903419,10.63183212,11.7552433,5.822608948,2.238853,1.679826736,9.170055389,4.261880398,1.47,,3.289600849,4.747529984
62.5,4.214365005,4.426774025,4.510389328,10.8260355,11.91977692,5.85632515,2.266221,1.691854477,9.180747032,4.267226219,1.49,,3.313657284,4.763551235
63,4.225153923,4.440260887,4.518481255,10.99731255,12.04789734,5.896783829,2.297597,1.707892418,9.194111824,4.269230843,1.49,,3.340386391,4.774231911
63.5,4.224479675,4.450375557,4.529944897,11.15105629,12.13016319,5.947357655,2.329639,1.724597931,9.205471992,4.272572517,1.51,,3.365111351,4.766221046
64,4.228525162,4.459815979,4.548825264,11.29805756,12.17938805,6.012092113,2.379039,1.74798584,9.211485863,4.276581764,1.51,,3.398523092,4.791588783
64.5,4.234594345,4.471279144,4.560289383,11.43224621,12.22659111,6.072106361,2.439786,1.762019157,9.21549511,4.282595634,1.52,,3.443294525,4.798931599
65,4.235942841,4.482068062,4.568380833,11.53271961,12.26502705,6.12267971,2.50988,1.767365456,9.222177505,4.28927803,1.55,,3.487398148,4.802269459
65.5,4.237965584,4.492182732,4.576472282,11.58194447,12.27109528,6.175951004,2.589319,1.776051998,9.235542297,4.295960426,1.55,,3.534842491,4.80827713
66,4.238639832,4.508366585,4.585912704,11.61633492,12.28727913,6.231919289,2.669426,1.78540802,9.244229317,4.298633575,1.56,,3.58295536,4.81161499
66.5,4.245383263,4.520504475,4.597376347,11.64600468,12.28593063,6.297327995,2.756876,1.799439907,9.254920959,4.299969673,1.58,,3.630399942,4.830307007
67,4.249429226,4.528595924,4.607491016,11.67095375,12.28930283,6.397126675,2.845661,1.811468601,9.257594109,4.301974297,1.62,,3.681185722,4.84365797
67.5,4.255497932,4.536013603,4.616931915,11.68781185,12.28997612,6.502994061,2.935113,1.829510689,9.271627426,4.303979397,1.61,,3.731303215,4.860346794
68,4.258869171,4.542757034,4.624349117,11.7053442,12.28997612,6.6250453,3.023898,1.840871334,9.30036068,4.307988644,1.61,,3.791444063,4.869692802
68.5,4.266961575,4.548825264,4.631766319,11.71748161,12.29469681,6.75383997,3.125367,1.848889351,9.343795776,4.309325218,1.61,,3.842229843,4.889719486
69,4.271007538,4.549499512,4.641206741,11.72489929,12.31088066,6.892748833,3.232844,1.852898598,9.367184639,4.311998367,1.61,,3.898361683,4.895059586
69.5,4.281122208,4.556917191,4.645927429,11.73501396,12.33515549,7.051213264,3.350333,1.858912468,9.382553101,4.316007614,1.66,,3.962512016,4.901067734
70,4.287190914,4.563660622,4.651321411,11.74984932,12.35268784,7.22855854,3.473831,1.867599964,9.387899399,4.318680286,1.66,,4.011960983,4.932443142
70.5,4.291236877,4.5710783,4.655367851,11.75996399,12.36819649,7.428155899,3.59466,1.872945309,9.401932716,4.321353436,1.70,,4.070097923,4.951802254
71,4.300003052,4.575798035,4.662785053,11.76670742,12.38438034,7.657423496,3.720828,1.874950886,9.416633606,4.324694633,1.68,,4.134916306,4.971161366
71.5,4.308094978,4.58119297,4.665482521,11.77614784,12.3978672,7.896131516,3.838318,1.875619411,9.427325249,4.330040455,1.68,,4.207085609,4.978504181
72,4.319558144,4.587936401,4.672225475,11.78693581,12.41674805,8.10112381,3.961148,1.876955032,9.434007645,4.340732098,1.69,,4.285937309,4.989185333
72.5,4.331021309,4.598725319,4.675597191,11.79300499,12.42888546,8.306116104,4.085981,1.881633282,9.440021515,4.348751068,1.77,,4.36812973,5.005874157
73,4.341135979,4.602096558,4.684363365,11.79570198,12.43832588,8.507061958,4.210147,1.884974003,9.452049255,4.354764938,1.73,,4.455668449,5.016555309
73.5,4.347205162,4.610862732,4.687734604,11.79570198,12.44169807,8.724865913,4.325634,1.885642529,9.458064079,4.357438087,1.72,,4.559244156,5.019225121
74,4.355296612,4.622325897,4.694478035,11.81323433,12.44911575,8.959527969,4.447797,1.885642529,9.46407795,4.36011076,1.79,,4.672843933,5.048597813
74.5,4.364062786,4.635138035,4.700546741,11.83481216,12.45585823,9.19688797,4.559946,1.884974003,9.465414047,4.361447334,1.78,,4.808495522,5.043924809
75,4.371480465,4.645253181,4.705266953,11.8590889,12.45922947,9.472008705,4.668758,1.884305954,9.470760345,4.362783432,1.78,,4.960184574,5.069292068
75.5,4.378223419,4.651995659,4.709312916,11.87662125,12.46260166,9.737014771,4.770894,1.884974003,9.472097397,4.364120483,1.79,,5.117219448,5.081975937
76,4.384292603,4.656716347,4.714707375,11.89617538,12.4673214,9.986512184,4.87036,1.884974003,9.475438118,4.364788532,1.83,,5.303656578,5.10734272
76.5,4.389687061,4.662785053,4.71807909,11.91707993,12.4673214,10.1854353,4.966488,1.885642529,9.482120514,4.367461205,1.84,,5.489425659,5.140053272
77,4.39508152,4.666831017,4.71807909,11.92921734,12.47069359,10.37626648,5.061949,1.886978626,9.488134384,4.3741436,1.84,,5.685885906,5.164085388
77.5,4.397778511,4.671551228,4.724822044,11.94472694,12.47406483,10.55900669,5.163418,1.885642529,9.504840851,4.375480652,1.86,,5.903730392,5.188117027
78,4.399127483,4.676271439,4.729542732,11.9575386,12.48013401,10.71949387,5.267556,1.888983727,9.512859344,4.378153324,1.88,,6.138279915,5.20213604
78.5,4.401824951,4.685711861,4.735610962,11.96428204,12.4841795,10.84693909,5.361014,1.889652252,9.517536163,4.378153324,1.92,,6.378175735,5.214151859
79,4.40519619,4.695152283,4.739657402,11.96630478,12.48957443,10.95213318,5.45781,1.890987873,9.521546364,4.380157471,1.99,,6.626758575,5.253537655
79.5,4.409242153,4.705266953,4.745725632,11.97237396,12.49699211,11.04114246,5.55327,1.894997597,9.523550987,4.383499146,1.98,,6.886033535,5.274231911
80,4.410591125,4.71605587,4.749772072,11.98114014,12.50508308,11.12678146,5.640053,1.897001743,9.536915779,4.385503769,2.00,,7.161345482,5.303604603
80.5,4.416659832,4.72819376,4.772698402,11.98788261,12.51856995,11.20837307,5.727503,1.901679993,9.538251877,4.391517639,2.02,,7.450690746,5.320293427
81,4.420031548,4.730891228,4.759212494,11.99327755,12.52126694,11.27985001,5.816956,1.907026291,9.546938896,4.394190788,2.10,,7.732685089,5.348330498
81.5,4.423402786,4.737634182,4.7652812,11.99799728,12.52463913,11.34188843,5.903738,1.911034584,9.54627037,4.395527363,2.07,,7.991291523,5.379705906
82,4.428797722,4.744377136,4.774721622,12.00069523,12.52733612,11.39448452,5.987183,1.915712833,9.553621292,4.396863937,2.10,,8.215818405,5.41308403
82.5,4.432168961,4.75044632,4.779441833,12.00339127,12.5340786,11.43089771,6.07263,1.917717934,9.556962967,4.398200035,2.12,,8.418960571,5.441788673
83,4.438911915,4.754491806,4.78753376,12.00474072,12.53745079,11.47337914,6.15741,1.91972208,9.559635162,4.402209282,2.14,,8.611412048,5.467155933
83.5,4.444306374,4.760560989,4.792928219,12.00676346,12.52531242,11.52732468,6.235514,1.925067902,9.562976837,4.404882431,2.21,,8.799185753,5.509212017
84,4.471279144,4.76730442,4.795625687,12.00676346,12.54486847,11.61363792,6.316288,1.928408623,9.565649033,4.40755558,2.33,,8.990968704,5.547262669
84.5,4.492856979,4.77337265,4.798996925,12.00811195,12.5495882,11.68511391,6.4004,1.931749821,9.569659233,4.410228729,2.29,,9.184756279,5.61068058
85,4.504321098,4.779441833,4.802368641,12.0101347,12.55430794,11.73299217,6.483177,1.934423447,9.572999954,4.414237976,2.32,,9.388567924,5.67009306
85.5,4.52185297,4.78753376,4.803042889,12.01822662,12.56105137,11.76131248,6.568624,1.93642807,9.583691597,4.416242599,2.39,,9.591042519,5.763551235
86,4.538710594,4.794276714,4.798996925,12.03103924,12.56442261,11.790308,6.646061,1.937764645,9.596387863,4.417579174,2.57,,9.786834717,5.853003502
86.5,4.552197456,4.801019669,4.815855026,12.03373623,12.56712055,11.81256008,6.72283,1.939100742,9.600398064,4.418915749,2.53,,9.978617668,5.949799538
87,4.566358089,4.804391861,4.839456081,12.03980446,12.57049179,11.83751011,6.800934,1.939100742,9.601065636,4.418915749,2.52,,10.15369511,6.053270817
87.5,4.573775291,4.807088852,4.856313705,12.04654789,12.57386398,11.86380863,6.872363,1.941105843,9.606411934,4.424929619,2.70,,10.31206608,6.143390656
88,4.577147007,4.815855026,4.866428375,12.05126762,12.57790947,11.88066673,6.945794,1.943778515,9.615766525,4.42827034,2.67,,10.45373154,6.238851547
88.5,4.573775291,4.818552017,4.877892017,12.06542969,12.57925797,11.90022087,7.013885,1.951129436,9.613761902,4.436957359,2.81,,10.5860424,6.330974102
89,4.587261677,4.821249485,4.890704155,12.07419586,12.59072113,11.91640472,7.082643,1.963825226,9.607748032,4.444308281,3.11,,10.7016468,6.431775093
89.5,4.610188484,4.82259798,4.90216732,12.08161259,12.59544182,11.9251709,7.148064,1.989886761,9.611757278,4.447649479,3.33,,10.79920864,6.513216972
90,4.642555237,4.825295448,4.911607742,12.08565903,12.6021843,11.94000626,7.208811,1.999910355,9.617772102,4.450990677,3.49,,10.88541031,6.609345436
90.5,4.652670383,4.827318192,4.920373917,12.09172821,12.60758018,11.95146942,7.269559,2.012606621,9.621781349,4.457004547,3.77,,10.95691109,6.69546032
91,4.668179512,4.832038403,4.923070908,12.09375,12.61229992,11.96563053,7.320293,2.018621445,9.625790596,4.463686943,4.24,,11.01905727,6.780907631
91.5,4.689757824,4.83473587,4.925094128,12.0944252,12.61364746,11.97237396,7.37303,2.028644562,9.627126694,4.46970129,4.77,,11.07786179,6.869692326
92,4.705266953,4.837432861,4.93453455,12.0957737,12.61701965,11.98383713,7.426435,2.033989906,9.633140564,4.473710537,5.27,,11.1299839,6.981842041
92.5,4.727519512,4.838781357,4.948695183,12.09779644,12.61904335,11.99799728,7.473164,2.037331104,9.635146141,4.479724884,5.86,,11.1774292,7.092656612
93,4.749097824,4.845524788,4.956787109,12.11060905,12.62174034,12.00608921,7.521228,2.041340828,9.636482239,4.486406803,6.22,,11.22086334,7.193457603
93.5,4.772698402,4.848221779,4.965553284,12.12679195,12.62443733,12.0263195,7.567289,2.060719013,9.63781929,4.491084576,6.58,,11.25962162,7.295593739
94,4.792928219,4.850919724,4.972970486,12.13690662,12.62848282,12.04115391,7.60801,2.078093052,9.639155388,4.49242115,6.99,,11.2957058,7.40307045
94.5,4.823272228,4.848896503,4.977690697,12.14027786,12.6359005,12.05059433,7.655407,2.085443974,9.639823914,4.494425774,7.42,,11.3297863,7.502536297
95,4.856313705,4.84485054,4.978364944,12.14702129,12.63724899,12.07352066,7.701468,2.095467091,9.642496109,4.496430397,7.65,,11.3611927,7.613350868
95.5,4.884634972,4.842827797,4.978364944,12.15106773,12.64534092,12.08700752,7.74753,2.094799995,9.64383316,4.500439644,7.76,,11.39126396,7.722162247
96,4.902841568,4.84485054,4.987805367,12.15781021,12.6514101,12.09375,7.794259,2.102818012,9.645169258,4.502444267,7.85,,11.41932964,7.828971386
96.5,4.920373917,4.850244999,4.994548798,12.16185665,12.6527586,12.09847069,7.843657,2.118855953,9.647842407,4.504449368,7.92,,11.44472313,7.942456245
97,4.94464922,4.849570751,5.001966,12.17197037,12.65478134,12.11060905,7.893057,2.124869823,9.653856277,4.507790565,7.97,,11.47011471,8.045927048
97.5,4.966227531,4.852942467,5.009383678,12.17669106,12.65545654,12.12207222,7.943124,2.160954952,9.65853405,4.511131287,8.02,,11.49417114,8.14806366
98,4.987805367,4.854290962,5.018149853,12.17938805,12.65680408,12.13286114,7.99052,2.211071491,9.663879395,4.511799812,8.06,,11.51756001,8.248864174
98.5,4.999943256,4.855639458,5.01680088,12.18141174,12.65882778,12.13690662,8.034578,2.275890827,9.666552544,4.512468338,8.13,,11.53894424,8.34232235
99,5.018149853,4.858336449,5.022195816,12.18208504,12.65410805,12.14027786,8.076635,2.341377735,9.668558121,4.514472961,8.17,,11.55965805,8.442456245
99.5,5.024892807,4.860359669,5.03096199,12.18208504,12.6689415,12.14971924,8.115354,2.420228958,9.677244186,4.51514101,8.18,,11.57836914,8.5399189
100,5.034333229,4.864405632,,12.18276024,12.67096519,12.15578747,8.151402,2.492398262,9.681253433,4.517145634,8.18,,11.59708023,8.630039215
100.5,5.041750908,4.867102623,,12.18478298,12.67366219,12.17466831,8.180774,2.555212498,9.681921959,4.520486832,8.22,,11.61378479,8.722162247
101,5.059283257,4.867777348,,12.18680573,12.67703438,12.17803955,8.213484,2.616021633,9.685263634,4.522491455,8.26,,11.63115883,8.807609558
101.5,5.068723679,4.868451595,,12.18882942,12.67973137,12.1807375,8.24486,2.669480324,9.685932159,4.525164604,8.28,,11.64586067,8.894392014
102,5.066026211,4.870474815,,12.18882942,12.68377686,12.18748093,8.270894,2.700887203,9.687268257,4.526500702,8.31,,11.66056252,8.968490601
102.5,5.062654495,4.871149063,,12.19152641,12.6878233,12.19287491,8.302269,2.722938538,9.686599731,4.528505802,8.33,,11.67392635,9.041921616
103,5.059283257,4.871149063,,12.19220066,12.68984604,12.1975956,8.334979,2.7463274,9.687268257,4.529842377,8.36,,11.68595409,9.114017487
103.5,5.055911541,4.875868797,,12.19220066,12.69119453,12.20433807,8.365686,2.763701439,9.686599731,4.533851624,8.36,,11.69865131,9.172095299
104,5.055911541,4.87924099,,12.1955719,12.69389153,12.20298958,8.393057,2.786421299,9.6979599,4.535187721,8.38,,11.71201515,9.25420475
104.5,5.057934284,4.882612228,,12.1955719,12.69591522,12.20771027,8.428437,2.803795338,9.700633049,4.53786087,8.40,,11.72270775,9.305606842
105,5.057934284,4.887332439,,12.20298958,12.69658852,12.21512794,8.457142,2.81448698,9.707315445,4.544543266,8.43,,11.73072624,9.364351273
105.5,5.057934284,4.892726898,,12.20771027,12.69726372,12.22052193,8.48518,2.836538792,9.709320068,4.548552513,8.45,,11.73807621,9.408411026
106,5.057260036,4.897447109,,12.21647644,12.69793701,12.22254562,8.514552,2.850571632,9.711324692,4.553898811,8.44,,11.74676323,9.457809448
106.5,5.056585789,4.900144577,,12.22119617,12.69928646,12.22389412,8.539919,2.861931324,9.720011711,4.556571484,8.45,,11.7581234,9.50253582
107,5.055911541,4.90216732,,12.22321892,12.70198441,12.22591591,8.562616,2.873959541,9.721347809,4.56058073,8.47,,11.76413727,9.537916183
107.5,5.055237293,4.902841568,,12.22389412,12.7033329,12.22793961,8.589318,2.888660908,9.722016335,4.565926552,8.49,,11.77148819,9.577970505
108,5.054562569,4.904190063,,12.22456741,12.70805264,12.23265934,8.612683,2.894674778,9.727361679,4.569936275,8.51,,11.77883911,9.610013008
108.5,5.053888321,4.906213284,,12.22524261,12.71074963,12.23535728,8.636047,2.902693748,9.728030205,4.573277473,8.53,,11.78351593,9.64806366
109,5.053888321,4.908910751,,12.23333359,12.71344757,12.24007702,8.65741,2.910712481,9.728030205,4.575282097,8.55,,11.78953171,9.680773735
109.5,5.058608532,4.91228199,,12.22861385,12.71546936,12.24479675,8.680106,2.917394876,9.72869873,4.57728672,8.55,,11.79621315,9.709478378
110,5.055911541,4.914979458,,12.23468208,12.71749306,12.24682045,8.700132,2.924077034,9.727361679,4.578623295,8.57,,11.80289555,9.728170395
110.5,5.054562569,4.917002201,,12.23872852,12.7195158,12.24816895,8.72283,2.928754807,9.72869873,4.579291344,8.58,,11.80890942,9.756207466
111,5.052539825,4.921048164,,12.24075127,12.73704815,12.25221443,8.743525,2.934100628,9.732707977,4.581295967,8.60,,11.81559181,9.774230957
111.5,5.047819614,4.92441988,,12.24412251,12.72625923,12.25491142,8.764886,2.938109875,9.73137188,4.583300591,8.61,,11.82361031,9.797595978
112,5.042425156,4.927117348,,12.25019169,12.72828197,12.26030731,8.784245,2.944792509,9.73137188,4.585305691,8.61,,11.8289566,9.810947418
112.5,5.037030697,4.931162834,,12.25558662,12.73232841,12.26570129,8.804272,2.955483913,9.742063522,4.586642265,8.62,,11.83497047,9.829639435
113,5.032310486,4.933860302,,12.26030731,12.73367691,12.26704979,8.823631,2.975531101,9.738721848,4.587310314,8.64,,11.84365749,9.846327782
113.5,5.022870064,4.933185577,,12.26502705,12.73569965,12.26637459,8.839652,2.995578051,9.744068146,4.587310314,8.66,,11.84633064,9.865686417
114,5.01680088,4.931837082,,12.26704979,12.7363739,12.26772404,8.856341,3.017629862,9.750082016,4.589982986,8.66,,11.84967136,9.887716293
114.5,5.011406898,4.931837082,,12.26839828,12.7377224,12.26839828,8.871695,3.053046227,9.752755165,4.59399271,8.66,,11.85368061,9.903738022
115,5.008709431,4.933185577,,12.26974678,12.7383976,12.26772404,8.887716,3.11118269,9.752086639,4.598001957,8.68,,11.85635376,9.927102089
115.5,4.999943256,4.939929008,,12.27109528,12.73907089,12.27514172,8.903738,3.211417675,9.753423691,4.599338531,8.68,,11.85902786,9.947128296
116,4.995223045,4.945997715,,12.27446747,,12.28795338,8.914418,3.335709095,9.763446808,4.60000658,8.70,,11.86236858,9.963150024
116.5,4.989154339,4.948020935,,12.27514172,,12.29267311,8.923097,3.492743731,9.764782906,4.602011681,8.72,,11.8657093,9.990520477
117,4.987805367,4.955438614,,12.27783966,,12.29671955,8.937116,3.670493841,9.762109756,4.605352402,8.72,,11.8683815,10.00921154
117.5,4.985782623,4.966901779,,12.2805357,,12.30750847,8.947796,3.886333466,9.76812458,4.608694077,8.74,,11.87038612,10.03257561
118,4.977016449,4.976342201,,12.28188515,,12.31020546,8.955807,4.132911682,9.770129204,4.6106987,8.76,,11.8737278,10.04859734
118.5,4.970273018,4.986456871,,12.2791872,,12.31627464,8.963818,4.402209282,9.770797729,4.613371372,8.77,,11.8764019,10.07796955
119,4.964204311,4.993200302,,12.28727913,,12.32436657,8.975834,4.702914715,9.773469925,4.616044521,8.78,,11.8790741,10.09198856
119.5,4.956787109,4.997920036,,12.28862762,,12.33111,8.98518,5.010302067,9.772133827,4.616044521,8.78,,11.88174629,10.12403107
120,4.960833073,4.999943256,,,,12.33380699,8.995193,5.298310757,9.773469925,4.61671257,8.79,,11.88508797,10.15140152
120.5,4.96959877,5.006011963,,,,12.33852768,9.000533,5.572286606,9.776143074,4.617381096,8.79,,11.88776016,10.19078732
121,4.978364944,5.008709431,,,,12.34257317,9.009212,5.827551842,9.778147697,4.618048668,8.79,,11.88909721,10.2328434
121.5,4.995897293,5.008034706,,,,12.3459444,9.019893,6.072793007,9.78282547,4.619385719,8.80,,11.89176941,10.26955891
122,5.010057926,5.008034706,,,,12.35066414,9.027903,6.316698551,,4.621390343,8.80,,11.89444256,10.31695557
122.5,5.026241302,5.008709431,,,,12.35133934,9.036581,6.561272144,,4.624731541,8.82,,11.89778328,10.37369728
123,5.050517082,5.010057926,,,,12.35403633,9.041922,6.809186459,,4.628072739,8.83,,11.90045738,10.42509937
123.5,5.066700459,5.011406898,,,,12.35943127,9.04793,7.052423477,,4.630745411,8.84,,11.90313053,10.48117447
124,5.080186844,5.015452385,,,,12.36482525,9.055941,7.301674843,,4.632750034,8.82,,11.90647125,10.53457832
124.5,5.095021725,5.019498348,,,,12.3661747,9.065954,7.552262306,,4.636091232,8.87,,11.90914345,10.59132099
125,5.111879826,5.024892807,,,,12.36819649,9.074633,7.789484978,,4.638764381,8.86,,11.9118166,10.63337708
125.5,5.129411697,5.031636238,,,,12.37628937,9.081975,8.03071785,,4.640100479,8.87,,11.9144907,10.67943859
126,5.148292542,5.035682201,,,,12.37898636,9.085313,8.258584976,,4.642105579,8.87,,11.91783142,10.71815681
126.5,5.167173386,5.037704945,,,,12.38438034,9.090653,8.465068817,,4.644778252,8.88,,11.9211731,10.76154804
127,5.182008743,5.043099403,,,,12.38572884,9.097329,8.658856392,,4.649456024,8.89,,11.92584991,10.79158783
127.5,5.193471909,5.04916811,,,,12.38707733,9.103337,8.839948654,,4.654133797,8.91,,11.92985916,10.82496548
128,5.205609798,5.053214073,,,,12.38977528,9.109345,9.002996445,,4.656806946,8.90,,11.93186474,10.85767555
128.5,5.214375496,5.057934284,,,,12.39449501,9.11602,9.152012825,,4.660147667,8.93,,11.93520546,10.89305687
129,5.221793175,5.063328743,,,,12.39584446,9.120693,9.293010712,,4.664156914,8.93,,11.93854713,10.92576694
129.5,5.228536606,5.074118137,,,,12.3978672,9.125366,9.429329872,,4.665493965,8.92,,11.94188786,10.96248245
130,5.239325523,5.078164101,,,,12.3985405,9.127369,9.556294441,,4.667498589,8.93,,11.94589806,10.99719524
130.5,5.24741745,5.082883835,,,,12.40056419,9.130707,9.661207199,,4.670171261,8.93,,11.95124245,11.03391075
131,5.248765945,5.085581303,,,,12.40663338,9.134045,9.757432938,,4.672175884,8.93,,11.95458412,11.07062721
131.5,5.254160404,5.090301514,,,,12.41337585,9.140053,9.856330872,,4.672843933,8.93,,11.95926189,11.10667419
132,5.256183624,5.095021725,,,,12.41674805,9.144058,9.948547363,,4.672843933,8.93,,11.96460724,11.14672852
132.5,5.256857872,5.099067688,,,,12.41742229,9.148731,10.04544067,,4.675517082,8.55,,11.97062302,11.1827755
133,5.261578083,5.107159615,,,,12.41742229,9.152069,10.14567661,,4.676853657,,,11.97463036,11.22550011
133.5,5.26764679,5.115925789,,,,12.42012024,9.156742,10.24657917,,4.677521706,,,11.97930908,11.2708931
134,5.277761459,5.119971275,,,,12.42012024,9.162083,10.34213638,,4.679526329,,,11.98398685,11.30160141
134.5,5.29259634,5.124691963,,,,12.42146873,9.166087,10.4336853,,4.681530952,,,11.9893322,11.33497906
135,5.307431221,5.128063202,,,,12.42618847,9.169425,10.53659248,,4.684872627,,,11.9946785,11.36234856
135.5,5.322940826,5.130086422,,,,12.42686272,9.171428,10.63215065,,4.689549923,,,11.99868774,11.40040016
136,5.345867634,5.134806633,,,,12.43023396,9.174766,10.72503471,,4.69556427,,,12.00470161,11.47783661
136.5,5.385652065,5.139526367,,,,12.42955971,9.179439,10.80655861,,4.697568893,,,12.01606178,11.54926491
137,5.420042038,5.141549587,,,,12.4329319,9.184112,10.88206959,,4.698904991,,,12.01806641,11.60600758
137.5,5.446340561,5.147618294,,,,12.43495369,9.191455,10.94956112,,4.699573517,,,12.02274513,11.74886417
138,5.473313332,5.150990009,,,,12.43495369,9.195459,11.01772118,,4.700242043,,,12.02808952,11.82696915
138.5,5.495565414,5.154361725,,,,12.43562889,9.202135,11.06984329,,4.70157814,,,12.03410339,11.87102699
139,5.515120983,5.157732964,,,,12.43697739,9.207476,11.12330151,,4.704919338,,,12.04078579,11.90841103
139.5,,5.161778927,,,,12.43832588,9.212149,11.17275143,,4.708929062,,,12.04746914,11.94445801
140,,5.16582489,,,,12.43900108,9.216154,11.22086334,,4.712269783,,,12.05415154,11.97516632
140.5,,5.167847633,,,,12.43967438,9.22283,11.26363087,,4.71627903,,,12.06083393,12.00120068
141,,5.170545101,,,,12.44034958,9.230173,11.30238914,,4.718283653,,,12.06684685,12.02323055
141.5,,5.17593956,,,,12.44034958,9.236181,11.33780479,,4.719620705,,,12.07419777,12.05460548
142,,5.182682991,,,,12.44102287,9.244859,11.37388992,,4.720288754,,,12.08088112,12.08063889
142.5,,5.187403202,,,,12.44102287,9.25554,11.40395927,,4.721625328,,,12.08823109,12.10800934
143,,5.190100193,,,,12.44574356,9.256875,11.43068981,,4.722961426,,,12.09558201,12.13604736
143.5,,5.190774918,,,,12.45248604,9.26088,11.46142769,,4.723629951,,,12.1022644,12.15941143
144,,5.189426422,,,,12.45518398,9.268224,11.48414803,,4.726303101,,,12.10694122,12.18678093
144.5,,5.185379982,,,,12.4646244,9.274231,11.51154518,,4.728975773,,,12.11228752,12.20747566
145,,5.183357239,,,,12.47271633,9.278905,11.53426552,,4.730312347,,,12.11696529,12.22750282
145.5,,5.182682991,,,,12.47608757,9.282242,11.55431175,,4.731648445,,,12.12231064,12.24085426
146,,5.184705734,,,,12.48215675,9.288918,11.57569599,,4.733653069,,,12.12698936,12.25620651
146.5,,5.190774918,,,,12.482831,9.292923,11.59574318,,4.736326218,,,12.13166618,12.26955795
147,,5.197517872,,,,12.48148155,9.296261,11.61311722,,4.738999367,,,12.13701248,12.2755661
147.5,,5.206958294,,,,12.482831,9.298931,11.6345005,,4.740335464,,,12.14369392,12.2875824
148,,5.216398716,,,,12.48485374,9.301601,11.64986992,,4.741672516,,,12.14770412,12.29959869
148.5,,5.22516489,,,,12.482831,9.30761,11.66924858,,4.743008614,,,12.15505409,12.31094742
149,,5.229885101,,,,12.48350525,9.31295,11.68328094,,4.746349812,,,12.16240501,12.31695557
149.5,,5.236628056,,,,12.48350525,9.316956,11.69597816,,4.74969101,,,12.16841888,12.32296276
150,,5.246743202,,,,12.48485374,9.320961,11.7133522,,4.751027107,,,12.1730957,12.33097363
150.5,,5.249440193,,,,,9.323631,11.72537994,,4.753032207,,,12.17777443,12.33965111
151,,5.254160404,,,,,9.326302,11.73874474,,4.75570488,,,12.18646145,12.34899807
151.5,,5.25753212,,,,,9.330974,11.75344658,,4.759046555,,,12.18779755,12.35700798
152,,5.262926579,,,,,9.334311,11.76681042,,4.762387276,,,12.1891346,12.36168098
152.5,,5.268321037,,,,,9.336982,11.77616501,,4.764391899,,,12.19247532,12.36635399
153,,5.271692753,,,,,9.339652,11.79086685,,4.765060425,,,12.19581604,12.37369728
153.5,,5.276412964,,,,,9.341655,11.80289555,,4.77441597,,,12.19982624,12.37837029
154,,,,,,,9.34299,11.81091309,,4.78042984,,,12.20383644,12.38304329
154.5,,,,,,,9.344993,11.81960106,,4.783102989,,,12.20851326,12.38838387
155,,,,,,,9.347663,11.83096123,,4.785775661,,,12.21118641,12.39439201
155.5,,,,,,,9.351668,11.84098434,,4.788448334,,,12.21452713,12.39973164
156,,,,,,,9.354339,11.85234451,,4.791121483,,,12.21720028,12.4030695
156.5,,,,,,,9.357009,11.85702133,,4.79513073,,,12.220541,12.40707493
157,,,,,,,9.360347,11.8670454,,4.797803879,,,12.22521782,12.41308403
157.5,,,,,,,9.363684,11.87773705,,4.799808502,,,12.22789192,12.41842365
158,,,,,,,9.366354,11.88575649,,4.799808502,,,,12.42443085
158.5,,,,,,,9.369024,11.89310646,,4.799808502,,,,12.42843723
159,,,,,,,9.37303,11.89778328,,4.801813126,,,,12.435112
159.5,,,,,,,9.3757,11.90446663,,4.802481651,,,,12.44045258
160,,,,,,,,11.91315365,,4.804486275,,,,12.44445801
160.5,,,,,,,,11.9211731,,4.805822372,,,,12.4471283
161,,,,,,,,11.92919159,,4.807826996,,,,12.45113373
161.5,,,,,,,,11.93587399,,4.81183672,,,,12.45313644
162,,,,,,,,11.94055176,,4.814509392,,,,12.45780945
162.5,,,,,,,,11.9472332,,4.815845966,,,,12.46114731
163,,,,,,,,11.95658875,,4.816514015,,,,12.46715546
163.5,,,,,,,,11.96527576,,4.817182541,,,,12.47049236
164,,,,,,,,11.97396278,,4.817851067,,,,12.47449875
164.5,,,,,,,,11.98064613,,4.818519115,,,,12.47983932
165,,,,,,,,11.98532295,,4.81985569,,,,12.48317719
165.5,,,,,,,,11.99400997,,4.820523739,,,,12.48651505
166,,,,,,,,12.00269699,,4.821191788,,,,12.48918533
166.5,,,,,,,,12.01004791,,4.821860313,,,,12.4911871
167,,,,,,,,12.02274513,,4.823196411,,,,12.49319077
167.5,,,,,,,,12.0260849,,4.823864937,,,,12.49652863
168,,,,,,,,12.0300951,,4.824532986,,,,12.50053215
168.5,,,,,,,,12.03878212,,4.825201511,,,,12.50320435
169,,,,,,,,12.04613304,,4.825201511,,,,12.50654125
169.5,,,,,,,,12.05147743,,4.82586956,,,,12.50987911
170,,,,,,,,12.05949688,,4.827874184,,,,12.51188087
170.5,,,,,,,,12.06350708,,4.836561203,,,,12.51455116
171,,,,,,,,12.06751633,,4.84257555,,,,12.51788902
171.5,,,,,,,,12.07085705,,4.847252846,,,,12.52189445
172,,,,,,,,12.07753944,,4.85928154,,,,12.52456474
172.5,,,,,,,,12.08422089,,4.868636608,,,,12.52589989
173,,,,,,,,12.09157181,,4.875319004,,,,12.52857018
173.5,,,,,,,,12.09825516,,4.882669449,,,,12.52990532
174,,,,,,,,12.10426903,,4.886678696,,,,12.53124046
174.5,,,,,,,,12.10894585,,4.888683319,,,,12.53257561
175,,,,,,,,12.11228752,,4.89002037,,,,12.53457832
175.5,,,,,,,,12.1156292,,4.89002037,,,,12.53724861
176,,,,,,,,12.12231064,,4.890687943,,,,12.54058647
176.5,,,,,,,,12.12698936,,4.891356468,,,,12.5445919
177,,,,,,,,12.13300323,,4.894029617,,,,12.54726219
177.5,,,,,,,,12.13634396,,4.895365715,,,,12.55126762
178,,,,,,,,12.1403532,,4.89870739,,,,12.55260277
178.5,,,,,,,,12.14503098,,4.901380062,,,,12.55393791
179,,,,,,,,12.14770412,,4.903384686,,,,12.55594063
179.5,,,,,,,,12.15037727,,4.908730507,,,,12.55861092
180,,,,,,,,12.15238094,,4.912739754,,,,12.56261635